jelgee0;orMHO4gp8dq;Joseito;Elgee
gjulyan1;C0m4G8;Gabey;Julyan
dmauchlen2;h94NOpzvwF;Dalenna;Mauchlen
bbeveridge3;pyFzbfAZfAf;Bron;Beveridge
druzicka4;AH1d3sBp;Dora;Ruzicka
sbaldoni5;ur7s8XCO;Sam;Baldoni
wdahler6;msjpTVnG;Wilbert;Dahler
aormerod7;vCA6L1MlJZ;Ash;Ormerod
bcadney8;c2fQZwSxi;Betsey;Cadney
yperkis9;mTFNWMI;Yuma;Perkis
jlovelessa;0Et5qp97;Jerrilee;Loveless
elegrandb;feUVysBVaw;Ed;Le Grand
pbendelowc;Uj8qZKLEdP5;Pammy;Bendelow
hdesantisd;dtH7B9Z5UfTb;Henry;Desantis
lbonseye;ltEqORo9;Lanie;Bonsey
slefriecf;SnhERFvp;Stephine;Le Friec
dhyndmang;FTR0z9wv1Ca;Dorette;Hyndman
jfroomeh;6wsRQUyKZN;Jobye;Froome
apillingi;PqMClUNT;Amber;Pilling
joliffej;nOTPhQu9lqBT;Jerrie;Oliffe
vpenimank;ZlaXjpEIyJ;Van;Peniman
bprotherol;yXGG2sE4s;Bibbie;Prothero
espaingowerm;0ox2nGepU;Ely;Spain-Gower
wwarcupn;t5VjCUge;Willdon;Warcup
llayburno;G2eVRs92qB;Leonhard;Layburn
