Frami-Flatley;573-357-3504
Cronin, Waelchi and Torphy;501-519-9505
Muller LLC;895-767-8768
Cruickshank, Abbott and Krajcik;917-527-5777
Bruen Inc;596-296-0771
Jacobi Inc;642-524-2470
Nader-McClure;136-637-5366
Stanton, Lang and Wolff;442-433-7961
Hand, Sauer and McDermott;707-830-2420
Miller-Hodkiewicz;151-697-6069
Bogisich-Schimmel;134-371-1104
Mueller Inc;928-998-3136
Morissette, Balistreri and Mitchell;756-586-2737
Stracke Group;769-631-7544
Waelchi-Rolfson;861-921-6856
Haag, Morar and Schowalter;920-916-0363
VonRueden-Bauch;736-327-4924
Towne-Stark;684-970-2262
Pfeffer, Schumm and Botsford;730-749-4373
Dibbert, Yundt and Deckow;153-624-4444
O'Keefe-Osinski;302-538-9818
Mohr Group;119-969-9658
Cremin-Torp;761-367-8131
Nikolaus LLC;449-843-0469
Feest, Larkin and Schiller;965-687-3918
Zulauf, Harris and Lebsack;696-251-6440
Lind LLC;228-549-1438
Schuster, Gleason and Kovacek;526-124-0552
Connelly, Lesch and Mitchell;160-758-2944
Reinger Inc;969-695-4868
