Zack;Dutton;zdutton0;uKnMDFnLyMkt;7 Morningstar Place;578-161-6419
Brett;Parish;bparish1;qBgpk64Scht;608 Waubesa Junction;354-920-3666
Stanwood;Benedidick;sbenedidick2;Wm2vx2KB0H0D;135 Quincy Place;111-915-1269
Courtney;Coulston;ccoulston3;8fe8PD8;1034 Mosinee Center;556-322-0200
Chelsea;Creeghan;ccreeghan4;bkxRnNCWm;53807 Londonderry Point;888-824-7481
Betteanne;Pinckstone;bpinckstone5;cF3bzVfOZk;32 Leroy Park;308-912-0677
Mata;Swiffin;mswiffin6;cu54auKncA;0 Straubel Pass;934-931-5506
Ahmed;Geale;ageale7;sgbRrzCPlcI;70722 Eastlawn Pass;120-289-8898
Terese;Seldon;tseldon8;JzXEpns;3478 Barby Drive;793-202-9984
Eliza;Hendrich;ehendrich9;1iYsY6;4597 Waxwing Plaza;215-980-5459
Lanette;Bramo;lbramoa;RXqECJdk;3 Knutson Trail;307-559-3070
Johnette;Ebbett;jebbettb;DZkrfHK2vwy;1356 Sachs Point;211-437-8716
Nappie;Hobell;nhobellc;oZRtUI;78434 Kim Point;315-142-6325
Collin;Kohtler;ckohtlerd;AUeKPajzuV;951 Jana Drive;284-281-2589
Gris;Pes;gpese;UNmMHPQ;9168 Oriole Terrace;244-346-1503
Cecilius;Galbraith;cgalbraithf;hf2MXi;3868 Straubel Pass;914-371-6956
Gates;Gatcliff;ggatcliffg;aA6wuY;2938 Service Terrace;114-985-5458
Massimo;Caiger;mcaigerh;lMxgOvfG;9 North Terrace;547-658-8591
Ede;Willisch;ewillischi;vZFs68R;5 Autumn Leaf Trail;453-749-2319
Laurena;Bassill;lbassillj;HqzzfBo7;8897 Rutledge Point;960-281-3048
Merrill;Delort;mdelortk;5Ezmyeapwy;57108 Donald Court;919-762-8994
Eadith;Faldoe;efaldoel;FE3SNJAm;5 Boyd Trail;201-753-5943
Annabela;Riveles;arivelesm;A1BxL7ORHr;785 Troy Alley;642-126-0496
Micky;Godon;mgodonn;vWpfXpFspCq;3 Crescent Oaks Pass;684-613-7238
Joete;Pessold;jpessoldo;ztG9wQV;7 Ludington Court;566-869-5303
Pier;Fuzzard;pfuzzardp;Eq2H8kw;2033 Drewry Drive;283-489-0833
Lyman;Masserel;lmasserelq;wt4qdma;37 Fallview Place;711-865-3526
Brigid;Cherrison;bcherrisonr;5vCO2nB;95554 Birchwood Center;688-161-0031
Raimundo;Molineaux;rmolineauxs;F8jATi;20 Meadow Vale Court;449-217-4674
Erica;Kopacek;ekopacekt;f5p1EsWl93;47109 Bunting Junction;567-592-3921
Caterina;Olivella;colivellau;bdmFkn4;07772 Scott Pass;577-788-5608
Diena;Foulis;dfoulisv;EUuEwBFeolD;60253 Grasskamp Circle;135-588-8187
Ilise;Durtnall;idurtnallw;6YPbqO41OhT;14 Golden Leaf Park;943-873-8445
Hayward;Leal;hlealx;jb0TXI7;6504 Calypso Junction;766-332-7622
Drusilla;Fincher;dfinchery;Jqsi7s3eU3Jb;19 Toban Plaza;404-179-7336
Ashlen;Portail;aportailz;hfNgahzv;91 Bay Center;326-352-8051
Joaquin;Gudgeon;jgudgeon10;u1AaeO4e;92883 Lyons Park;436-422-2875
Evvie;Napthine;enapthine11;2okntHDp1Xr1;97 Bonner Place;898-914-4726
Dorelia;Seiter;dseiter12;5DMFvYp;187 Badeau Road;691-607-3863
Camilla;Keyden;ckeyden13;avs4pBVv;9868 Old Gate Way;377-467-3323
Eben;Madge;emadge14;rdzlSPJTS;100 Welch Lane;336-997-1643
Waylin;Ruddoch;wruddoch15;ulGWgJi;02780 Tony Way;356-275-4139
Rodge;Racher;rracher16;t0rfjM0z;82079 Mayer Pass;920-960-2090
Johny;Ankers;jankers17;dnqa3omAU;59565 Towne Pass;867-455-2306
Ezmeralda;Endrici;eendrici18;gzccHsS47ty;3 Bowman Point;345-495-4385
Rafaellle;Partleton;rpartleton19;DQUgI3bJBu;549 Bashford Alley;614-906-1261
Jeramie;D'Agostino;jdagostino1a;qyT1MV7L;5756 Bayside Point;649-495-6812
Gregoire;Gerholz;ggerholz1b;OBvLTbX0;30348 Helena Terrace;482-290-6163
Tabatha;Skoughman;tskoughman1c;QagahJQIn8r;138 Roxbury Crossing;722-756-0959
Stevy;Stratz;sstratz1d;ddsqwwXywZl;12114 Carioca Center;523-529-9525
